{"options":{},"indexes":[{"v":2,"key":{"_id":1},"name":"_id_","ns":"arkmongo.query_hashes"},{"v":2,"unique":true,"key":{"db":1,"collection":1,"query":1,"projection":1},"name":"db_1_collection_1_query_1_projection_1","ns":"arkmongo.query_hashes"},{"v":2,"unique":true,"key":{"hash":1},"name":"hash_1","ns":"arkmongo.query_hashes"},{"v":2,"unique":true,"key":{"address":1,"blockStatus":1,"transactionID":1},"name":"address_1_blockStatus_1_transactionID_1","ns":"arkmongo.query_hashes"},{"v":2,"unique":true,"key":{"address":1,"blockStatus":1,"transactionID":1,"secret":1},"name":"address_1_blockStatus_1_transactionID_1_secret_1","ns":"arkmongo.query_hashes"}]}